Job, Company Name, 
Software Engineer, Frontend, FishingBooker 
,  JavaScript CSS HTML ReactJS RESTful  
, https://www.helloworld.rs/posao/Software-Engineer-Frontend/FishingBooker/377401?scope=srpoz&tag=21%2C316&cat=281&q=Frontend+developer&city=96&disable_saved_search=0&show_more=1&item_index=1 
Frontend Developer,  
,  JavaScript CSS HTML  
, https://www.helloworld.rs/posao/Frontend-Developer/JobRack-Prezzybox/388074?scope=srpoz&tag=21%2C316&cat=281&q=Frontend+developer&city=96&disable_saved_search=0&show_more=1&item_index=2 
Junior IT Specialist, ARPM LLC 
,  JavaScript CSS HTML Adobe Photoshop  
, https://www.helloworld.rs/posao/Junior-IT-Specialist/ARPM-LLC/388203?scope=srpoz&tag=21%2C316&cat=281&q=Frontend+developer&city=96&disable_saved_search=0&show_more=1&item_index=3 
Frontend Support Engineer, Blue Grid d.o.o. 
,  JavaScript CSS Ajax HTML5 JSON  
, https://www.helloworld.rs/posao/Frontend-Support-Engineer/Blue-Grid-d.o.o/388265?scope=srpoz&tag=21%2C316&cat=281&q=Frontend+developer&city=96&disable_saved_search=0&show_more=1&item_index=4 
Lead Frontend Developer,  
,  JavaScript CSS Angular Foundation TypeScript Cloud  
, https://www.helloworld.rs/posao/Lead-Frontend-Developer/Material-Exchange-d.o.o/388368?scope=srpoz&tag=21%2C316&cat=281&q=Frontend+developer&city=96&disable_saved_search=0&show_more=1&item_index=5 
Front End React Developer,  
,  JavaScript CSS Angular HTML5 Git WEB API Agile RESTful  
, https://www.helloworld.rs/posao/Front-End-React-Developer/3biiLSoft/387855?scope=srpoz&tag=21%2C316&cat=281&q=Frontend+developer&city=96&disable_saved_search=0&show_more=1&item_index=6 
Frontend Developer, MENU Technologies d.o.o. 
,  JavaScript CSS jQuery HTML5 Git CSS3 SASS Vue.js  
, https://www.helloworld.rs/posao/Frontend-Developer/MENU-Technologies-d.o.o/387301?scope=srpoz&tag=21%2C316&cat=281&q=Frontend+developer&city=96&disable_saved_search=0&show_more=1&item_index=7 
Frontend Developer (Junior),  
,  JavaScript HTML5 CSS3 Vue.js  
, https://www.helloworld.rs/posao/Frontend-Developer-Junior/Kredium/386988?scope=srpoz&tag=21%2C316&cat=281&q=Frontend+developer&city=96&disable_saved_search=0&show_more=1&item_index=8 
Frontend Developer, enjoy.ing software engineering d.o.o. 
,  JavaScript CSS HTML JSON HTTP TypeScript  
, https://www.helloworld.rs/posao/Frontend-Developer/enjoy.ing-software-engineering-d.o.o/387155?scope=srpoz&tag=21%2C316&cat=281&q=Frontend+developer&city=96&disable_saved_search=0&show_more=1&item_index=9 
Frontend Vue.js Developer, enjoy.ing software engineering d.o.o. 
,  JavaScript CSS Node HTML5 Git SASS TypeScript Vue.js  
, https://www.helloworld.rs/posao/Frontend-Vue.javascript-Developer/enjoy.ing-software-engineering-d.o.o/387157?scope=srpoz&tag=21%2C316&cat=281&q=Frontend+developer&city=96&disable_saved_search=0&show_more=1&item_index=10 
Mid/Senior Front-End Developer (React/Redux),  
,  JavaScript Angular HTML5 Git CSS3 ReactJS Vue.js Cypress  
, https://www.helloworld.rs/posao/MidSenior-Front-End-Developer-ReactRedux/DevOcean-Solutions/386181?scope=srpoz&tag=21%2C316&cat=281&q=Frontend+developer&city=96&disable_saved_search=0&show_more=1&item_index=11 
Frontend Developer, Pool4Tool 
,  JavaScript Backbone HTML5 Bootstrap CSS3 Symfony Agile  
, https://www.helloworld.rs/posao/Frontend-Developer/Pool4Tool/386402?scope=srpoz&tag=21%2C316&cat=281&q=Frontend+developer&city=96&disable_saved_search=0&show_more=1&item_index=12 
Front End Developer, Cyrillic Software 
,  JavaScript CSS HTML Angular HTML5 Git CSS3 REST SASS Vue.js  
, https://www.helloworld.rs/posao/Front-End-Developer/Cyrillic-Software/385601?scope=srpoz&tag=21%2C316&cat=281&q=Frontend+developer&city=96&disable_saved_search=0&show_more=1&item_index=13 
Frontend Vue.js Developer, enjoy.ing software engineering d.o.o. 
,  JavaScript CSS Node HTML5 Git SASS SCRUM TypeScript Vue.js  
, https://www.helloworld.rs/posao/Frontend-Vue.javascript-Developer/enjoy.ing-software-engineering-d.o.o/385157?scope=srpoz&tag=21%2C316&cat=281&q=Frontend+developer&city=96&disable_saved_search=0&show_more=1&item_index=14 
Frontend Developer,  
,  JavaScript CSS Angular Git SASS TypeScript Agile  
, https://www.helloworld.rs/posao/Frontend-Developer/Fazi-d.o.o/385164?scope=srpoz&tag=21%2C316&cat=281&q=Frontend+developer&city=96&disable_saved_search=0&show_more=1&item_index=15 
Senior Frontend Developer, Horisen Solutions d.o.o. 
,  Linux JavaScript CSS HTML5 AngularJS Git Docker REST SASS  
, https://www.helloworld.rs/posao/Senior-Frontend-Developer/Horisen-Solutions-d.o.o/383453?scope=srpoz&tag=21%2C316&cat=281&q=Frontend+developer&city=96&disable_saved_search=0&show_more=1&item_index=16 
Frontend Developer,  
,  JavaScript CSS HTML Angular Git Vue.js Agile  
, https://www.helloworld.rs/posao/Frontend-Developer/Typeqast-Nederland-B.V/382891?scope=srpoz&tag=21%2C316&cat=281&q=Frontend+developer&city=96&disable_saved_search=0&show_more=1&item_index=17 
Front-end Web Developer (HTML, CSS), Computer Rock 
,  JavaScript CSS HTML jQuery HTML5 Git CSS3  
, https://www.helloworld.rs/posao/Front-end-Web-Developer-HTML-CSS/Computer-Rock/382079?scope=srpoz&tag=21%2C316&cat=281&q=Frontend+developer&city=96&disable_saved_search=0&show_more=1&item_index=18 
Senior Frontend Engineer - React, Kraken 
,  JavaScript REST TypeScript  
, https://www.helloworld.rs/posao/Senior-Frontend-Engineer-React/Kraken/386331?scope=srpoz&tag=21%2C316&cat=281&q=Frontend+developer&city=96&disable_saved_search=0&show_more=1&item_index=19 
Senior Frontend Engineer - React (EMEA), Kraken 
,  JavaScript REST TypeScript  
, https://www.helloworld.rs/posao/Senior-Frontend-Engineer-React-EMEA/Kraken/386379?scope=srpoz&tag=21%2C316&cat=281&q=Frontend+developer&city=96&disable_saved_search=0&show_more=1&item_index=20 
Senior Frontend Engineer - React Native, Kraken 
,  JavaScript REST TypeScript  
, https://www.helloworld.rs/posao/Senior-Frontend-Engineer-React-Native/Kraken/386381?scope=srpoz&tag=21%2C316&cat=281&q=Frontend+developer&city=96&disable_saved_search=0&show_more=1&item_index=21 
Senior Frontend Engineer - React, Cryptowatch, Kraken 
,  JavaScript CSS REST SASS TypeScript  
, https://www.helloworld.rs/posao/Senior-Frontend-Engineer-React-Cryptowatch/Kraken/386382?scope=srpoz&tag=21%2C316&cat=281&q=Frontend+developer&city=96&disable_saved_search=0&show_more=1&item_index=22 
Frontend Engineer - Internal Tools, Kraken 
,  JavaScript REST TypeScript  
, https://www.helloworld.rs/posao/Frontend-Engineer-Internal-Tools/Kraken/386100?scope=srpoz&tag=21%2C316&cat=281&q=Frontend+developer&city=96&disable_saved_search=0&show_more=1&item_index=23 
Front End Software Engineer - Goguen / Marlowe, Input Output (IOHK) 
,  JavaScript CSS HTML HTTP  
, https://www.helloworld.rs/posao/Front-End-Software-Engineer-Goguen-Marlowe/Input-Output-IOHK/384096?scope=srpoz&tag=21%2C316&cat=281&q=Frontend+developer&city=96&disable_saved_search=0&show_more=1&item_index=24 
Front End Engineer (ReactJS, Typescript), Modus Create, Inc 
,  JavaScript ReactJS TypeScript Agile  
, https://www.helloworld.rs/posao/Front-End-Engineer-ReactJS-Typescript/Modus-Create-Inc/382851?scope=srpoz&tag=21%2C316&cat=281&q=Frontend+developer&city=96&disable_saved_search=0&show_more=1&item_index=25 
Front-end Engineer, Armani team, Toptal 
,  JavaScript Docker  
, https://www.helloworld.rs/posao/Front-end-Engineer-Armani-team/Toptal/382170?scope=srpoz&tag=21%2C316&cat=281&q=Frontend+developer&city=96&disable_saved_search=0&show_more=1&item_index=26 
Front-end Engineer, Screening Ops Team, Toptal 
,  JavaScript CSS HTML TypeScript Cypress  
, https://www.helloworld.rs/posao/Front-end-Engineer-Screening-Ops-Team/Toptal/382226?scope=srpoz&tag=21%2C316&cat=281&q=Frontend+developer&city=96&disable_saved_search=0&show_more=1&item_index=27 
Senior Front-end Engineer, Client Portal Team, Toptal 
,  JavaScript TypeScript Cypress  
, https://www.helloworld.rs/posao/Senior-Front-end-Engineer-Client-Portal-Team/Toptal/382233?scope=srpoz&tag=21%2C316&cat=281&q=Frontend+developer&city=96&disable_saved_search=0&show_more=1&item_index=28 
Senior Front-end Engineer, Front-end Experience team, Toptal 
,  JavaScript TypeScript Agile Cypress  
, https://www.helloworld.rs/posao/Senior-Front-end-Engineer-Front-end-Experience-team/Toptal/382236?scope=srpoz&tag=21%2C316&cat=281&q=Frontend+developer&city=96&disable_saved_search=0&show_more=1&item_index=29 
Senior Front-end Engineer, Matrix team, Toptal 
,  JavaScript Angular HTML5 CSS3 TypeScript  
, https://www.helloworld.rs/posao/Senior-Front-end-Engineer-Matrix-team/Toptal/382239?scope=srpoz&tag=21%2C316&cat=281&q=Frontend+developer&city=96&disable_saved_search=0&show_more=1&item_index=30 
,  
,  
, https://www.helloworld.rsundefined 
